Código IDA,Nombre de instalación,Provincia,Municipio,Nombre vía,Código postal,Espacio deportivo (texto libre)
1,PABELLON MUNICIPAL,Sevilla,Guadalcanal,,,PISTA POLIDEPORTIVA
2,PABELLON DEPORTIVO CUBIERTO,Sevilla,Castilblanco de los Arroyos,CAMINO DEL TOLEDILLO,41230,PISTA POLIDEPORTIVA
3,PABELLON POLIDEPORTIVO,Sevilla,Santiponce,FCL. BENITEZ REYES,41970,PISTA POLIDEPORTIVA
3,PABELLON POLIDEPORTIVO,Sevilla,Santiponce,FCL. BENITEZ REYES,41970,SALA MULTIUSOS
4,PISCINA CUBIERTA MUNICIPAL,Sevilla,Rinconada (La),AVDA. JARDIN DE LAS DELICIAS,41300,SALA POLIVALENTE
4,PISCINA CUBIERTA MUNICIPAL,Sevilla,Rinconada (La),AVDA. JARDIN DE LAS DELICIAS,41300,VASO DE ENSEÑANZA
4,PISCINA CUBIERTA MUNICIPAL,Sevilla,Rinconada (La),AVDA. JARDIN DE LAS DELICIAS,41300,VASO DEPORTIVO 25
5,POLIDEPORTIVO MUNICIPAL FRANCISCO SANCHEZ (CASTAÑ,Sevilla,Rinconada (La),GALILEO GALILEI,41300,CAMPO POLIDEPORTIVO
5,POLIDEPORTIVO MUNICIPAL FRANCISCO SANCHEZ (CASTAÑ,Sevilla,Rinconada (La),GALILEO GALILEI,41300,PISTA DE PADDEL
5,POLIDEPORTIVO MUNICIPAL FRANCISCO SANCHEZ (CASTAÑ,Sevilla,Rinconada (La),GALILEO GALILEI,41300,PISTA DE PADEL 2
5,POLIDEPORTIVO MUNICIPAL FRANCISCO SANCHEZ (CASTAÑ,Sevilla,Rinconada (La),GALILEO GALILEI,41300,PISTA DE PETANCA
5,POLIDEPORTIVO MUNICIPAL FRANCISCO SANCHEZ (CASTAÑ,Sevilla,Rinconada (La),GALILEO GALILEI,41300,PISTA DE TENIS 1
5,POLIDEPORTIVO MUNICIPAL FRANCISCO SANCHEZ (CASTAÑ,Sevilla,Rinconada (La),GALILEO GALILEI,41300,PISTA DE TENIS 2
5,POLIDEPORTIVO MUNICIPAL FRANCISCO SANCHEZ (CASTAÑ,Sevilla,Rinconada (La),GALILEO GALILEI,41300,PISTA DEPORTIVA 2
5,POLIDEPORTIVO MUNICIPAL FRANCISCO SANCHEZ (CASTAÑ,Sevilla,Rinconada (La),GALILEO GALILEI,41300,PISTA FUTBOL SALA
5,POLIDEPORTIVO MUNICIPAL FRANCISCO SANCHEZ (CASTAÑ,Sevilla,Rinconada (La),GALILEO GALILEI,41300,PISTA POLIDEPORTIVA 1
5,POLIDEPORTIVO MUNICIPAL FRANCISCO SANCHEZ (CASTAÑ,Sevilla,Rinconada (La),GALILEO GALILEI,41300,VASO DE CHAPOTEO
5,POLIDEPORTIVO MUNICIPAL FRANCISCO SANCHEZ (CASTAÑ,Sevilla,Rinconada (La),GALILEO GALILEI,41300,VASO DEPORTIVO 50 M
6,PISCINA MUNICIPAL,Sevilla,Viso del Alcor (El),AVDA. CARLOS CANO,41520,PISCINA DE CHAPOTEO
6,PISCINA MUNICIPAL,Sevilla,Viso del Alcor (El),AVDA. CARLOS CANO,41520,PISCINA DEPORTIVA 25 M
6,PISCINA MUNICIPAL,Sevilla,Viso del Alcor (El),AVDA. CARLOS CANO,41520,VASO DEPORTIVO
7,PABELLON POLIDEPORTIVO ALUNADA,Sevilla,Viso del Alcor (El),HIGUERA Y CL. FRESNO,41520,PISTA POLIDEPORTIVA
8,PIS. VECINOS CIUDAD EXPO,Sevilla,Mairena del Aljarafe,AVDA. RODRIGO DE TRIANA,41927,PISCINA
8,PIS. VECINOS CIUDAD EXPO,Sevilla,Mairena del Aljarafe,AVDA. RODRIGO DE TRIANA,41927,PISCINA PEQUEÑA
8,PIS. VECINOS CIUDAD EXPO,Sevilla,Mairena del Aljarafe,AVDA. RODRIGO DE TRIANA,41927,PISTA  PADEL 2
8,PIS. VECINOS CIUDAD EXPO,Sevilla,Mairena del Aljarafe,AVDA. RODRIGO DE TRIANA,41927,PISTA DE PADEL
8,PIS. VECINOS CIUDAD EXPO,Sevilla,Mairena del Aljarafe,AVDA. RODRIGO DE TRIANA,41927,PISTA DE TENIS 4
8,PIS. VECINOS CIUDAD EXPO,Sevilla,Mairena del Aljarafe,AVDA. RODRIGO DE TRIANA,41927,PISTA DE TENIS 5
8,PIS. VECINOS CIUDAD EXPO,Sevilla,Mairena del Aljarafe,AVDA. RODRIGO DE TRIANA,41927,PISTA DE TENIS 6
8,PIS. VECINOS CIUDAD EXPO,Sevilla,Mairena del Aljarafe,AVDA. RODRIGO DE TRIANA,41927,PISTA DE TENIS 7
8,PIS. VECINOS CIUDAD EXPO,Sevilla,Mairena del Aljarafe,AVDA. RODRIGO DE TRIANA,41927,PISTA POLIDEPORTIVA
8,PIS. VECINOS CIUDAD EXPO,Sevilla,Mairena del Aljarafe,AVDA. RODRIGO DE TRIANA,41927,PISTA SQUASH
8,PIS. VECINOS CIUDAD EXPO,Sevilla,Mairena del Aljarafe,AVDA. RODRIGO DE TRIANA,41927,PISTA SQUASH 2
8,PIS. VECINOS CIUDAD EXPO,Sevilla,Mairena del Aljarafe,AVDA. RODRIGO DE TRIANA,41927,PISTA SQUASH 3
8,PIS. VECINOS CIUDAD EXPO,Sevilla,Mairena del Aljarafe,AVDA. RODRIGO DE TRIANA,41927,PISTA SQUASH 4
8,PIS. VECINOS CIUDAD EXPO,Sevilla,Mairena del Aljarafe,AVDA. RODRIGO DE TRIANA,41927,PISTA TENIS 1
8,PIS. VECINOS CIUDAD EXPO,Sevilla,Mairena del Aljarafe,AVDA. RODRIGO DE TRIANA,41927,PISTA TENIS 2
8,PIS. VECINOS CIUDAD EXPO,Sevilla,Mairena del Aljarafe,AVDA. RODRIGO DE TRIANA,41927,PISTA TENIS 3
8,PIS. VECINOS CIUDAD EXPO,Sevilla,Mairena del Aljarafe,AVDA. RODRIGO DE TRIANA,41927,SALA AEROBIC
8,PIS. VECINOS CIUDAD EXPO,Sevilla,Mairena del Aljarafe,AVDA. RODRIGO DE TRIANA,41927,SALA MUSCULACION
9,POLIDEPORTIVO Mª DE LOS REYES,Sevilla,Mairena del Aljarafe,URB. LA PUEBLA DEL MARQUES,41927,PISCINA
9,POLIDEPORTIVO Mª DE LOS REYES,Sevilla,Mairena del Aljarafe,URB. LA PUEBLA DEL MARQUES,41927,PISCINA PEQUEÑA
9,POLIDEPORTIVO Mª DE LOS REYES,Sevilla,Mairena del Aljarafe,URB. LA PUEBLA DEL MARQUES,41927,PISTA FUTBITO
9,POLIDEPORTIVO Mª DE LOS REYES,Sevilla,Mairena del Aljarafe,URB. LA PUEBLA DEL MARQUES,41927,PISTA FUTBOL ARENA
10,C.D.P. MARIA,Sevilla,Mairena del Aljarafe,FLORENCIA,41927,PABELLON CUBIERTO
10,C.D.P. MARIA,Sevilla,Mairena del Aljarafe,FLORENCIA,41927,PISTA ATLETISMO
10,C.D.P. MARIA,Sevilla,Mairena del Aljarafe,FLORENCIA,41927,PISTA BALONCESTO
10,C.D.P. MARIA,Sevilla,Mairena del Aljarafe,FLORENCIA,41927,PISTA FUTBOL 1
10,C.D.P. MARIA,Sevilla,Mairena del Aljarafe,FLORENCIA,41927,PISTA FUTBOL 2
10,C.D.P. MARIA,Sevilla,Mairena del Aljarafe,FLORENCIA,41927,PISTA FUTBOL 3
10,C.D.P. MARIA,Sevilla,Mairena del Aljarafe,FLORENCIA,41927,PISTA VOLEY
11,GRUPO DE EMPRESA CASA,Sevilla,Mairena del Aljarafe,CARRETERA ALMENSILLA,41927,PISCINA
11,GRUPO DE EMPRESA CASA,Sevilla,Mairena del Aljarafe,CARRETERA ALMENSILLA,41927,PISCINA DE CHAPOTEO
11,GRUPO DE EMPRESA CASA,Sevilla,Mairena del Aljarafe,CARRETERA ALMENSILLA,41927,PISTA DE FUTBOL
11,GRUPO DE EMPRESA CASA,Sevilla,Mairena del Aljarafe,CARRETERA ALMENSILLA,41927,PISTA DE PADEL
11,GRUPO DE EMPRESA CASA,Sevilla,Mairena del Aljarafe,CARRETERA ALMENSILLA,41927,PISTA DE PADEL 2
11,GRUPO DE EMPRESA CASA,Sevilla,Mairena del Aljarafe,CARRETERA ALMENSILLA,41927,PISTA TENIS 1
11,GRUPO DE EMPRESA CASA,Sevilla,Mairena del Aljarafe,CARRETERA ALMENSILLA,41927,PISTA TENIS 2
12,CENTRO DEPORTIVO MARIA TERESA  GARCIA,Sevilla,Mairena del Aljarafe,GUADALQUIVIR,41927,SALA DE AEROBIC
12,CENTRO DEPORTIVO MARIA TERESA  GARCIA,Sevilla,Mairena del Aljarafe,GUADALQUIVIR,41927,SALA DE CARDIOVASCULARES
12,CENTRO DEPORTIVO MARIA TERESA  GARCIA,Sevilla,Mairena del Aljarafe,GUADALQUIVIR,41927,SALA DE MUSCULACIÓN 1
12,CENTRO DEPORTIVO MARIA TERESA  GARCIA,Sevilla,Mairena del Aljarafe,GUADALQUIVIR,41927,SALA DE MUSCULACIÓN 2
14,GIMNASIO FORMAS,Sevilla,Mairena del Aljarafe,AVDA. DE LAS AMERICAS,41927,CARDIOVASCULAR
14,GIMNASIO FORMAS,Sevilla,Mairena del Aljarafe,AVDA. DE LAS AMERICAS,41927,MANTENIMIENTO
14,GIMNASIO FORMAS,Sevilla,Mairena del Aljarafe,AVDA. DE LAS AMERICAS,41927,SALA AEROBIC
15,PISCINA PRIVADA,Sevilla,Mairena del Aljarafe,AMERICO VESPUCIO,41927,PISCINA
15,PISCINA PRIVADA,Sevilla,Mairena del Aljarafe,AMERICO VESPUCIO,41927,PISCINA DE CHAPOTEO
17,I.E.S. CAVALERI,Sevilla,Mairena del Aljarafe,OLIMPO,41927,PABELLON CUBIERTO
17,I.E.S. CAVALERI,Sevilla,Mairena del Aljarafe,OLIMPO,41927,PISTA BALONCESTO
17,I.E.S. CAVALERI,Sevilla,Mairena del Aljarafe,OLIMPO,41927,PISTA FUTBOL
18,I.E.S. ATENEA,Sevilla,Mairena del Aljarafe,ITACA,41927,PISTA DE VOLEIBOL
18,I.E.S. ATENEA,Sevilla,Mairena del Aljarafe,ITACA,41927,PISTA POLIDEPORTIVA
19,C.E.I.P. GUADALQUIVIR,Sevilla,Mairena del Aljarafe,AVDA. DE LA CONSTITUCION,41927,PABELLON CUBIERTO
19,C.E.I.P. GUADALQUIVIR,Sevilla,Mairena del Aljarafe,AVDA. DE LA CONSTITUCION,41927,PISTA BALONCESTO
19,C.E.I.P. GUADALQUIVIR,Sevilla,Mairena del Aljarafe,AVDA. DE LA CONSTITUCION,41927,PISTA FUTBOL
20,CAMPO DE FUTBOL,Sevilla,Mairena del Aljarafe,BDA. DE LEPANTO,41927,CAMPO DE FUTBOL
21,C.E.I.P. LEPANTO,Sevilla,Mairena del Aljarafe,NAVARRA,41927,PISTA FUTBOL
21,C.E.I.P. LEPANTO,Sevilla,Mairena del Aljarafe,NAVARRA,41927,PISTA FUTBOL 2
22,C.E.I.P. EL OLIVO,Sevilla,Mairena del Aljarafe,VERDE ALBAHACA,41927,CAMPO DE FUTBOL
22,C.E.I.P. EL OLIVO,Sevilla,Mairena del Aljarafe,VERDE ALBAHACA,41927,CAMPO FUTBOL
22,C.E.I.P. EL OLIVO,Sevilla,Mairena del Aljarafe,VERDE ALBAHACA,41927,GIMNASIO
22,C.E.I.P. EL OLIVO,Sevilla,Mairena del Aljarafe,VERDE ALBAHACA,41927,PISTA DEPORTIVA
23,ASOCIACION RECREATIVA RIO GRANDE,Sevilla,Mairena del Aljarafe,CARRETERA SAN JUAN - PALOMARES,41927,PISTA DE BALONCESTO
23,ASOCIACION RECREATIVA RIO GRANDE,Sevilla,Mairena del Aljarafe,CARRETERA SAN JUAN - PALOMARES,41927,PISTA DE FRONTON
23,ASOCIACION RECREATIVA RIO GRANDE,Sevilla,Mairena del Aljarafe,CARRETERA SAN JUAN - PALOMARES,41927,PISTA DE PADEL 1
23,ASOCIACION RECREATIVA RIO GRANDE,Sevilla,Mairena del Aljarafe,CARRETERA SAN JUAN - PALOMARES,41927,PISTA DE PADEL 2
23,ASOCIACION RECREATIVA RIO GRANDE,Sevilla,Mairena del Aljarafe,CARRETERA SAN JUAN - PALOMARES,41927,PISTA DE PADEL 3
23,ASOCIACION RECREATIVA RIO GRANDE,Sevilla,Mairena del Aljarafe,CARRETERA SAN JUAN - PALOMARES,41927,PISTA DE PADEL 4
23,ASOCIACION RECREATIVA RIO GRANDE,Sevilla,Mairena del Aljarafe,CARRETERA SAN JUAN - PALOMARES,41927,PISTA DE PADEL 5
23,ASOCIACION RECREATIVA RIO GRANDE,Sevilla,Mairena del Aljarafe,CARRETERA SAN JUAN - PALOMARES,41927,PISTA DE PADEL 6
23,ASOCIACION RECREATIVA RIO GRANDE,Sevilla,Mairena del Aljarafe,CARRETERA SAN JUAN - PALOMARES,41927,PISTA DE PADEL 7
23,ASOCIACION RECREATIVA RIO GRANDE,Sevilla,Mairena del Aljarafe,CARRETERA SAN JUAN - PALOMARES,41927,PISTA DE PADEL 8
23,ASOCIACION RECREATIVA RIO GRANDE,Sevilla,Mairena del Aljarafe,CARRETERA SAN JUAN - PALOMARES,41927,PISTA DE TENIS 1
23,ASOCIACION RECREATIVA RIO GRANDE,Sevilla,Mairena del Aljarafe,CARRETERA SAN JUAN - PALOMARES,41927,PISTA DE TENIS 10
23,ASOCIACION RECREATIVA RIO GRANDE,Sevilla,Mairena del Aljarafe,CARRETERA SAN JUAN - PALOMARES,41927,PISTA DE TENIS 11
23,ASOCIACION RECREATIVA RIO GRANDE,Sevilla,Mairena del Aljarafe,CARRETERA SAN JUAN - PALOMARES,41927,PISTA DE TENIS 12
23,ASOCIACION RECREATIVA RIO GRANDE,Sevilla,Mairena del Aljarafe,CARRETERA SAN JUAN - PALOMARES,41927,PISTA DE TENIS 13
23,ASOCIACION RECREATIVA RIO GRANDE,Sevilla,Mairena del Aljarafe,CARRETERA SAN JUAN - PALOMARES,41927,PISTA DE TENIS 14
23,ASOCIACION RECREATIVA RIO GRANDE,Sevilla,Mairena del Aljarafe,CARRETERA SAN JUAN - PALOMARES,41927,PISTA DE TENIS 2
23,ASOCIACION RECREATIVA RIO GRANDE,Sevilla,Mairena del Aljarafe,CARRETERA SAN JUAN - PALOMARES,41927,PISTA DE TENIS 3
23,ASOCIACION RECREATIVA RIO GRANDE,Sevilla,Mairena del Aljarafe,CARRETERA SAN JUAN - PALOMARES,41927,PISTA DE TENIS 4
23,ASOCIACION RECREATIVA RIO GRANDE,Sevilla,Mairena del Aljarafe,CARRETERA SAN JUAN - PALOMARES,41927,PISTA DE TENIS 5
23,ASOCIACION RECREATIVA RIO GRANDE,Sevilla,Mairena del Aljarafe,CARRETERA SAN JUAN - PALOMARES,41927,PISTA DE TENIS 6
23,ASOCIACION RECREATIVA RIO GRANDE,Sevilla,Mairena del Aljarafe,CARRETERA SAN JUAN - PALOMARES,41927,PISTA DE TENIS 7
23,ASOCIACION RECREATIVA RIO GRANDE,Sevilla,Mairena del Aljarafe,CARRETERA SAN JUAN - PALOMARES,41927,PISTA DE TENIS 8
23,ASOCIACION RECREATIVA RIO GRANDE,Sevilla,Mairena del Aljarafe,CARRETERA SAN JUAN - PALOMARES,41927,PISTA DE TENIS 9
23,ASOCIACION RECREATIVA RIO GRANDE,Sevilla,Mairena del Aljarafe,CARRETERA SAN JUAN - PALOMARES,41927,PISTADE PETANCA
24,C.D. SAN ANTONIO,Sevilla,Sevilla,DRAGO,41017,CAMPO DE FÚTBOL
25,GIM STADIUM,Sevilla,Cuervo de Sevilla (El),AVDA. JEREZ,41749,SALA AEROBIC
25,GIM STADIUM,Sevilla,Cuervo de Sevilla (El),AVDA. JEREZ,41749,SALA CICLOINDOR
25,GIM STADIUM,Sevilla,Cuervo de Sevilla (El),AVDA. JEREZ,41749,SALA MUSCULACION
26,CENTRO SOCIAL DEPORTIVO Y CULTURAL JUAN VELASCO,Sevilla,Dos Hermanas,EBANO,,PISCINA 
26,CENTRO SOCIAL DEPORTIVO Y CULTURAL JUAN VELASCO,Sevilla,Dos Hermanas,EBANO,,PISCINA DE CHAPOTEO
26,CENTRO SOCIAL DEPORTIVO Y CULTURAL JUAN VELASCO,Sevilla,Dos Hermanas,EBANO,,PISTA PADEL
26,CENTRO SOCIAL DEPORTIVO Y CULTURAL JUAN VELASCO,Sevilla,Dos Hermanas,EBANO,,PISTA POLIVALENTE
26,CENTRO SOCIAL DEPORTIVO Y CULTURAL JUAN VELASCO,Sevilla,Dos Hermanas,EBANO,,PISTA TENIS 1
26,CENTRO SOCIAL DEPORTIVO Y CULTURAL JUAN VELASCO,Sevilla,Dos Hermanas,EBANO,,PISTA TENIS 2
27,EDIFICIO CONSUL,Sevilla,Sevilla,THARSIS.,41008,PISCINA - VASO GRANDE
27,EDIFICIO CONSUL,Sevilla,Sevilla,THARSIS.,41008,PISCINA - VASO PEQUEÑO
28,EDIFICIO CANCILLER,Sevilla,Sevilla,BALTASAR ALCAZAR,41008,PISCINA - VASO GRANDE
28,EDIFICIO CANCILLER,Sevilla,Sevilla,BALTASAR ALCAZAR,41008,PISCINA VASO PEQUEÑO
29,C.E.I.P. JUAN VELASCO,Sevilla,Dos Hermanas,BDA. EL CHAPARRAL,41700,CAMPO FUTBOL
29,C.E.I.P. JUAN VELASCO,Sevilla,Dos Hermanas,BDA. EL CHAPARRAL,41700,PISTA POLIDEPORTIVA
29,C.E.I.P. JUAN VELASCO,Sevilla,Dos Hermanas,BDA. EL CHAPARRAL,41700,PISTA TENIS - 1
29,C.E.I.P. JUAN VELASCO,Sevilla,Dos Hermanas,BDA. EL CHAPARRAL,41700,PISTA TENIS - 2
30,POLIDEPORTIVO MUNICIPAL,Sevilla,Castilblanco de los Arroyos,AVDA. DEL EJIDO,41230,PISCINA - VASO GRANDE
30,POLIDEPORTIVO MUNICIPAL,Sevilla,Castilblanco de los Arroyos,AVDA. DEL EJIDO,41230,PISCINA VASO PEQUEÑO
30,POLIDEPORTIVO MUNICIPAL,Sevilla,Castilblanco de los Arroyos,AVDA. DEL EJIDO,41230,PISTA POLIDEPORTIVA
30,POLIDEPORTIVO MUNICIPAL,Sevilla,Castilblanco de los Arroyos,AVDA. DEL EJIDO,41230,PISTA TENIS
31,CAMPO DE FUTBOL MUNICIPAL LEBRIJA,Sevilla,Lebrija,SALVADOR ALLENDE,41740,CAMPO DE FÚTBOL
32,CENTRO DEPORTIVO MAR DE PLATA,Sevilla,Sevilla,MAR DE PLATA,41010,PISTA POLIDEPORTIVA
32,CENTRO DEPORTIVO MAR DE PLATA,Sevilla,Sevilla,MAR DE PLATA,41010,SALA ESGRIMA
33,CENTRO DEPORTIVO SUPERA GUADALQUIVIR (MAR DE PLATA II),Sevilla,Sevilla,MAR DE PLATA,41010,PISCINA CUBIERTA
33,CENTRO DEPORTIVO SUPERA GUADALQUIVIR (MAR DE PLATA II),Sevilla,Sevilla,MAR DE PLATA,41010,PISCINA ENSEÑANZA
33,CENTRO DEPORTIVO SUPERA GUADALQUIVIR (MAR DE PLATA II),Sevilla,Sevilla,MAR DE PLATA,41010,PISICINA HIDROMASAJE
33,CENTRO DEPORTIVO SUPERA GUADALQUIVIR (MAR DE PLATA II),Sevilla,Sevilla,MAR DE PLATA,41010,PISTA DE PADEL 1
33,CENTRO DEPORTIVO SUPERA GUADALQUIVIR (MAR DE PLATA II),Sevilla,Sevilla,MAR DE PLATA,41010,PISTA DE PADEL 2
33,CENTRO DEPORTIVO SUPERA GUADALQUIVIR (MAR DE PLATA II),Sevilla,Sevilla,MAR DE PLATA,41010,PISTA DE PADEL 3
33,CENTRO DEPORTIVO SUPERA GUADALQUIVIR (MAR DE PLATA II),Sevilla,Sevilla,MAR DE PLATA,41010,PISTA DE PADEL 4
33,CENTRO DEPORTIVO SUPERA GUADALQUIVIR (MAR DE PLATA II),Sevilla,Sevilla,MAR DE PLATA,41010,SALA CARDIOVASCULAR
33,CENTRO DEPORTIVO SUPERA GUADALQUIVIR (MAR DE PLATA II),Sevilla,Sevilla,MAR DE PLATA,41010,SALA POLIVALENTE 1
33,CENTRO DEPORTIVO SUPERA GUADALQUIVIR (MAR DE PLATA II),Sevilla,Sevilla,MAR DE PLATA,41010,SALA POLIVALENTE 2
33,CENTRO DEPORTIVO SUPERA GUADALQUIVIR (MAR DE PLATA II),Sevilla,Sevilla,MAR DE PLATA,41010,SALA POLIVALENTE 3
33,CENTRO DEPORTIVO SUPERA GUADALQUIVIR (MAR DE PLATA II),Sevilla,Sevilla,MAR DE PLATA,41010,SALA POLIVALENTE 4
33,CENTRO DEPORTIVO SUPERA GUADALQUIVIR (MAR DE PLATA II),Sevilla,Sevilla,MAR DE PLATA,41010,SALA POLIVALENTE 5
34,C.E.I.P. SANTA TERESA,Sevilla,Mairena del Aljarafe,PEDRO MUÑOZ SECA,41927,PISTA POLIDEPORTIVA
34,C.E.I.P. SANTA TERESA,Sevilla,Mairena del Aljarafe,PEDRO MUÑOZ SECA,41927,SALA POLIVALENTE
35,C.E.I.P. LOS ROSALES,Sevilla,Mairena del Aljarafe,GREGORIO ORDÓÑEZ,41927,PABELLON
35,C.E.I.P. LOS ROSALES,Sevilla,Mairena del Aljarafe,GREGORIO ORDÓÑEZ,41927,PISTA POLIDEPORTIVA
36,COLEGIO MAYOR MAESE RODRIGO,Sevilla,Mairena del Aljarafe,AVDA. DE LOS OLIVOS,41927,AULA MAGNA
36,COLEGIO MAYOR MAESE RODRIGO,Sevilla,Mairena del Aljarafe,AVDA. DE LOS OLIVOS,41927,GIMNASIO
36,COLEGIO MAYOR MAESE RODRIGO,Sevilla,Mairena del Aljarafe,AVDA. DE LOS OLIVOS,41927,PISCINA
36,COLEGIO MAYOR MAESE RODRIGO,Sevilla,Mairena del Aljarafe,AVDA. DE LOS OLIVOS,41927,PISTA ESPECIALIZADA
36,COLEGIO MAYOR MAESE RODRIGO,Sevilla,Mairena del Aljarafe,AVDA. DE LOS OLIVOS,41927,PISTA POLIDEPORTIVA 1
36,COLEGIO MAYOR MAESE RODRIGO,Sevilla,Mairena del Aljarafe,AVDA. DE LOS OLIVOS,41927,PISTA POLIDEPORTIVA 2
36,COLEGIO MAYOR MAESE RODRIGO,Sevilla,Mairena del Aljarafe,AVDA. DE LOS OLIVOS,41927,SALA DE JUEGOS
37,I.E.S. JUAN DE MAIRENA,Sevilla,Mairena del Aljarafe,AVDA. DE LAS AMÉRICAS,41927,PISTA POLIDEPORTIVA 1
37,I.E.S. JUAN DE MAIRENA,Sevilla,Mairena del Aljarafe,AVDA. DE LAS AMÉRICAS,41927,PISTA POLIDEPORTIVA 2
37,I.E.S. JUAN DE MAIRENA,Sevilla,Mairena del Aljarafe,AVDA. DE LAS AMÉRICAS,41927,PISTA POLIDEPORTIVA 3
37,I.E.S. JUAN DE MAIRENA,Sevilla,Mairena del Aljarafe,AVDA. DE LAS AMÉRICAS,41927,SALA POLIVALENTE
38,CLUB SATO SPORT,Sevilla,Mairena del Aljarafe,MANOFACTURA,41927,PISCINA CUBIERTA
38,CLUB SATO SPORT,Sevilla,Mairena del Aljarafe,MANOFACTURA,41927,PISTA DE PADEL 6
38,CLUB SATO SPORT,Sevilla,Mairena del Aljarafe,MANOFACTURA,41927,PISTA DE PADEL 8
38,CLUB SATO SPORT,Sevilla,Mairena del Aljarafe,MANOFACTURA,41927,PISTA PADEL 1
38,CLUB SATO SPORT,Sevilla,Mairena del Aljarafe,MANOFACTURA,41927,PISTA PADEL 2
38,CLUB SATO SPORT,Sevilla,Mairena del Aljarafe,MANOFACTURA,41927,PISTA PADEL 3
38,CLUB SATO SPORT,Sevilla,Mairena del Aljarafe,MANOFACTURA,41927,PISTA PADEL 4
38,CLUB SATO SPORT,Sevilla,Mairena del Aljarafe,MANOFACTURA,41927,PISTA PADEL 5
38,CLUB SATO SPORT,Sevilla,Mairena del Aljarafe,MANOFACTURA,41927,PISTA PADEL 7
38,CLUB SATO SPORT,Sevilla,Mairena del Aljarafe,MANOFACTURA,41927,PISTA SQUASH 1
38,CLUB SATO SPORT,Sevilla,Mairena del Aljarafe,MANOFACTURA,41927,PISTA SQUASH 2
38,CLUB SATO SPORT,Sevilla,Mairena del Aljarafe,MANOFACTURA,41927,PISTA SQUASH 3
38,CLUB SATO SPORT,Sevilla,Mairena del Aljarafe,MANOFACTURA,41927,PISTA SQUASH 4
38,CLUB SATO SPORT,Sevilla,Mairena del Aljarafe,MANOFACTURA,41927,SALA ACTIVIDAD
38,CLUB SATO SPORT,Sevilla,Mairena del Aljarafe,MANOFACTURA,41927,SALA AEROBIC
38,CLUB SATO SPORT,Sevilla,Mairena del Aljarafe,MANOFACTURA,41927,SALA DE MANTENIMIENTO
38,CLUB SATO SPORT,Sevilla,Mairena del Aljarafe,MANOFACTURA,41927,SALA MUSCULACION
39,COMPLEJO HIPICO PEPE RIOS,Sevilla,Mairena del Aljarafe,CARRETERA MAIRENA-SAN JUAN,41927,PISTA CUBIERTA
39,COMPLEJO HIPICO PEPE RIOS,Sevilla,Mairena del Aljarafe,CARRETERA MAIRENA-SAN JUAN,41927,PISTA EXTERIOR 1
39,COMPLEJO HIPICO PEPE RIOS,Sevilla,Mairena del Aljarafe,CARRETERA MAIRENA-SAN JUAN,41927,PISTA EXTERIOR 2
40,C.E.I.P. ANDALUCIA,Sevilla,Guillena,AVDA. EL MOLINILLO,41210,GIMNASIO
40,C.E.I.P. ANDALUCIA,Sevilla,Guillena,AVDA. EL MOLINILLO,41210,PISTA POLIDEPORTIVA
41,I.E.S. EL MOLINILLO,Sevilla,Guillena,PLAZA DEL SALVADOR,41210,PISTA POLIDEPORTIVA
42,POLIDEPORTIVO MUNICIPAL RAFAEL  SANCHEZ,Sevilla,Guillena,AVDA. DE GUILLENA,41210,CAMPO DE FÚTBOL
42,POLIDEPORTIVO MUNICIPAL RAFAEL  SANCHEZ,Sevilla,Guillena,AVDA. DE GUILLENA,41210,CAMPO DE FÚTBOL SALA
42,POLIDEPORTIVO MUNICIPAL RAFAEL  SANCHEZ,Sevilla,Guillena,AVDA. DE GUILLENA,41210,PISCINA 1
42,POLIDEPORTIVO MUNICIPAL RAFAEL  SANCHEZ,Sevilla,Guillena,AVDA. DE GUILLENA,41210,PISCINA 2
42,POLIDEPORTIVO MUNICIPAL RAFAEL  SANCHEZ,Sevilla,Guillena,AVDA. DE GUILLENA,41210,PISTA DE TENIS
42,POLIDEPORTIVO MUNICIPAL RAFAEL  SANCHEZ,Sevilla,Guillena,AVDA. DE GUILLENA,41210,PISTA POLIDEPORTIVA
43,C.E.I.P. VIRGEN DEL ROSARIO,Sevilla,Guillena,CONCEPCIÓN SOTO,41210,PISTA POLIDEPORTIVA
44,URB. ENTREMONTES,Sevilla,Guillena,CARRETERA MERIDA,41210,PISTA FUTBOL SALA
45,URB. LAS NIEVES,Sevilla,Guillena,CARRETERA SEVILLA-MERIDA,41210,VASO CHAPOTEO
45,URB. LAS NIEVES,Sevilla,Guillena,CARRETERA SEVILLA-MERIDA,41210,VASO RECREATIVO
46,CAMPING SIERRA BRAVA,Sevilla,Guillena,AVDA. LOS LAGOS,41210,PISCINA
46,CAMPING SIERRA BRAVA,Sevilla,Guillena,AVDA. LOS LAGOS,41210,PISTA POLIDEPORTIVA
48,CIUDAD DEPORTIVA,Sevilla,Guillena,AVDA. LA VEGA,41210,CAMPO DE FUTBOL 1
48,CIUDAD DEPORTIVA,Sevilla,Guillena,AVDA. LA VEGA,41210,CAMPO DE FUTBOL 2
48,CIUDAD DEPORTIVA,Sevilla,Guillena,AVDA. LA VEGA,41210,CAMPO DE FUTBOL 3
48,CIUDAD DEPORTIVA,Sevilla,Guillena,AVDA. LA VEGA,41210,CAMPO DE FUTBOL 4
48,CIUDAD DEPORTIVA,Sevilla,Guillena,AVDA. LA VEGA,41210,MESAS DE PING PONG
48,CIUDAD DEPORTIVA,Sevilla,Guillena,AVDA. LA VEGA,41210,PISCINA 1
48,CIUDAD DEPORTIVA,Sevilla,Guillena,AVDA. LA VEGA,41210,PISCINA 2
48,CIUDAD DEPORTIVA,Sevilla,Guillena,AVDA. LA VEGA,41210,PISTA DE ATLETISMO
48,CIUDAD DEPORTIVA,Sevilla,Guillena,AVDA. LA VEGA,41210,PISTA PADEL 1
48,CIUDAD DEPORTIVA,Sevilla,Guillena,AVDA. LA VEGA,41210,PISTA PADEL 2
48,CIUDAD DEPORTIVA,Sevilla,Guillena,AVDA. LA VEGA,41210,PISTA POLIDEPORTIVA 1
48,CIUDAD DEPORTIVA,Sevilla,Guillena,AVDA. LA VEGA,41210,PISTA POLIDEPORTIVA 2
48,CIUDAD DEPORTIVA,Sevilla,Guillena,AVDA. LA VEGA,41210,PISTA POLIDEPORTIVA 3
48,CIUDAD DEPORTIVA,Sevilla,Guillena,AVDA. LA VEGA,41210,PISTA TENIS 1
48,CIUDAD DEPORTIVA,Sevilla,Guillena,AVDA. LA VEGA,41210,PISTA TENIS 2
49,POLIDEPORTIVO MUNICIPAL,Sevilla,Ronquillo (El),NACIONAL SEVILLA-MÉRIDA ,41880,PISCINA VASO CHAPOTEO
49,POLIDEPORTIVO MUNICIPAL,Sevilla,Ronquillo (El),NACIONAL SEVILLA-MÉRIDA ,41880,PISCINA VASO GRANDE
49,POLIDEPORTIVO MUNICIPAL,Sevilla,Ronquillo (El),NACIONAL SEVILLA-MÉRIDA ,41880,PISTA BALONCESTO
49,POLIDEPORTIVO MUNICIPAL,Sevilla,Ronquillo (El),NACIONAL SEVILLA-MÉRIDA ,41880,PISTA POLIDEPORTIVA
50,CAMPO FUTBOL,Sevilla,Ronquillo (El),CARRETERA  SEVILLA-GIJON,41880,CAMPO FUTBOL
51,C.E.I.P. VIRGEN DE GRACIA,Sevilla,Ronquillo (El),CAÑADAS,41880,PISTA POLIDEPORTIVA 1
51,C.E.I.P. VIRGEN DE GRACIA,Sevilla,Ronquillo (El),CAÑADAS,41880,PISTA POLIDEPORTIVA 2
51,C.E.I.P. VIRGEN DE GRACIA,Sevilla,Ronquillo (El),CAÑADAS,41880,SALA
52,SALON DE USOS MULTIPLES,Sevilla,Ronquillo (El),ESTRELLA,41880,SALA
55,AD. CHUNKWON,Sevilla,Cabezas de San Juan (Las),GORRIÓN,41730,SALA MUSCULACIÓN
55,AD. CHUNKWON,Sevilla,Cabezas de San Juan (Las),GORRIÓN,41730,TATAMI
56,JYMA GYM.,Sevilla,Utrera,ANTON GUEBRADO,41710,SALA
57,HOTEL CASTILLO BLANCO,Sevilla,Castilblanco de los Arroyos,CARRETERA .SEVILLA-CAZALLA,41230,PISCINA - VASO GRANDE
57,HOTEL CASTILLO BLANCO,Sevilla,Castilblanco de los Arroyos,CARRETERA .SEVILLA-CAZALLA,41230,PISCINA - VASO PEQUEÑO
58,ESTADIO MUNICIPAL DE FUTBOL,Sevilla,Castilblanco de los Arroyos,AVDA. DEL EJIDO,41230,CAMPO DE FUTBOL
59,GIMNASIO MUNICIPAL,Sevilla,Castilblanco de los Arroyos,LA PALMA.,41230,GIMNASIO
60,PABELLON DEPORTIVO,Sevilla,Castilblanco de los Arroyos,CAMINO DEL TOLEDILLO,41230,6285
61,C.E.I.P. MIGUEL DE CERVANTES,Sevilla,Castilblanco de los Arroyos,PABLO PICASO,41230,GIMNASIO
61,C.E.I.P. MIGUEL DE CERVANTES,Sevilla,Castilblanco de los Arroyos,PABLO PICASO,41230,PISTA POLIDEPORTIVA
62,I.E.S. CASTILBLANCO DE LOS ARROYOS,Sevilla,Castilblanco de los Arroyos,PABLO PICASO,41230,PISTA POLIDEPORTIVA
62,I.E.S. CASTILBLANCO DE LOS ARROYOS,Sevilla,Castilblanco de los Arroyos,PABLO PICASO,41230,PISTA POLIDEPORTIVA. 2
63,CASERIO VAZQUEZ,Sevilla,Castilblanco de los Arroyos,ANTONIO MACHADO,41230,PISCINA
64,PISTAS Y PISCINA DE VERANO- POLIDEPORTIVO MUNICIPA,Sevilla,Guillena,AVDA. DE LA VEGA,41210,PISTA DE BALONCESTO
64,PISTAS Y PISCINA DE VERANO- POLIDEPORTIVO MUNICIPA,Sevilla,Guillena,AVDA. DE LA VEGA,41210,PISTA DE TENIS 1
64,PISTAS Y PISCINA DE VERANO- POLIDEPORTIVO MUNICIPA,Sevilla,Guillena,AVDA. DE LA VEGA,41210,PISTA DE TENIS 2
64,PISTAS Y PISCINA DE VERANO- POLIDEPORTIVO MUNICIPA,Sevilla,Guillena,AVDA. DE LA VEGA,41210,PISTA POLIDEPORTIVA  2
64,PISTAS Y PISCINA DE VERANO- POLIDEPORTIVO MUNICIPA,Sevilla,Guillena,AVDA. DE LA VEGA,41210,PISTA POLIDEPORTIVA 1
64,PISTAS Y PISCINA DE VERANO- POLIDEPORTIVO MUNICIPA,Sevilla,Guillena,AVDA. DE LA VEGA,41210,VASO DE CHAPOTEO
64,PISTAS Y PISCINA DE VERANO- POLIDEPORTIVO MUNICIPA,Sevilla,Guillena,AVDA. DE LA VEGA,41210,VASO DEPORTIVO DE 25M.
65,GIMNASIO - POLIDEPORTIVO MUNICIPAL-,Sevilla,Guillena,AVDA. DE LA VEGA,41210,GIMNASIO
66,CAMPO MUNICIPAL DE FUTBOL LA VEGA,Sevilla,Guillena,AVDA. DE LA VEGA,41210,CAMPO DE FÚTBOL
67,HOTEL CORTIJO AGUILA REAL,Sevilla,Guillena,CARRETERA BURGUILLOS,41210,PISCINA
69,HOTEL JARDIN DE LA REINA,Sevilla,Guillena,PASEO DE LA ALAMEDA,41210,PISCINA
69,HOTEL JARDIN DE LA REINA,Sevilla,Guillena,PASEO DE LA ALAMEDA,41210,PISTA DE TENIS
70,POLIDEPORTIVO TORRE DE LA REINA,Sevilla,Guillena,PERAFÁN DE RIVERA,41210,CAMPO DE FÚTBOL
70,POLIDEPORTIVO TORRE DE LA REINA,Sevilla,Guillena,PERAFÁN DE RIVERA,41210,CAMPO DE FÚTBOL SALA
70,POLIDEPORTIVO TORRE DE LA REINA,Sevilla,Guillena,PERAFÁN DE RIVERA,41210,PISTA DE TENIS
70,POLIDEPORTIVO TORRE DE LA REINA,Sevilla,Guillena,PERAFÁN DE RIVERA,41210,PISTA POLIDEPORTIVA
71,PISCINA MUNICIPAL,Sevilla,Guillena,LEVANTE,41210,PISCINA
73,SENDERO EL MOLINO DE CORCHO,Sevilla,Cazalla de la Sierra,ÁREA RECREATIVA ISLA MARGARITA,41370,SENDERO EL MOLINO DE CORCHO
75,PISTA DE BALONCESTO DE LA PLAZA DE JUAN CARLOS I,Sevilla,Cazalla de la Sierra,PLAZA JUAN CARLOS I,41370,PISTA DE BALONCESTO
76,LA CASITA,Sevilla,Cazalla de la Sierra,CARRETERA CAZALLA - GUADALCANAL,41370,PISCINA
77,EL BERROCAL,Sevilla,Cazalla de la Sierra,CARRETERA REAL DE LA JARA,41370,PISCINA
78,FINCA MARIPASA,Sevilla,Cazalla de la Sierra,CARRIL OPISPO,41370,PISCINA
79,FINCA TRASIERRA,Sevilla,Cazalla de la Sierra,CRTA. PEDROSO-CAZALLA,41370,6313
80,SENDERO ARROYO DE LAS CAÑAS,Sevilla,Pedroso (El),CARRETERA EL PEDROSO - CAZALLA - ALMADEN DE LA PLATA,41360,SENDERO
82,C.E.I.P. CERVANTES,Sevilla,Pedroso (El),LOPE DE VEGA,41360,PISTA POLIDEPORTIVA
83,VILLA RURAL DE LA SIERRA NORTE: SIERRA HUEZNAR,Sevilla,Pedroso (El),CARRETERA EL PEDROSO- CONSTANTINA,41360,PISCINA
83,VILLA RURAL DE LA SIERRA NORTE: SIERRA HUEZNAR,Sevilla,Pedroso (El),CARRETERA EL PEDROSO- CONSTANTINA,41360,PISTA POLIDEPORTIVA
84,I.E.S. ANIBAL GONZALEZ,Sevilla,Pedroso (El),CERVANTES,41360,PISTA DE BALONCESTO
84,I.E.S. ANIBAL GONZALEZ,Sevilla,Pedroso (El),CERVANTES,41360,PISTA DE FÚTBOL SALA
85,PISCINA MUNICIPAL. GIMNASIO MUNICIPAL,Sevilla,Pedroso (El),PASEO DEL ESPINO,41360,GIMNASIO
85,PISCINA MUNICIPAL. GIMNASIO MUNICIPAL,Sevilla,Pedroso (El),PASEO DEL ESPINO,41360,PISCINA - VASO GRANDE
85,PISCINA MUNICIPAL. GIMNASIO MUNICIPAL,Sevilla,Pedroso (El),PASEO DEL ESPINO,41360,PISCINA - VASO PEQUEÑO
86,POLIDEPORTIVO MUNICIPAL DE EL PEDROSO,Sevilla,Pedroso (El),PASEO DEL ESPINO,41360,CAMPO FUTBOL
86,POLIDEPORTIVO MUNICIPAL DE EL PEDROSO,Sevilla,Pedroso (El),PASEO DEL ESPINO,41360,PISTA ATLETISMO
86,POLIDEPORTIVO MUNICIPAL DE EL PEDROSO,Sevilla,Pedroso (El),PASEO DEL ESPINO,41360,PISTA BALONCESTO
86,POLIDEPORTIVO MUNICIPAL DE EL PEDROSO,Sevilla,Pedroso (El),PASEO DEL ESPINO,41360,PISTA FUTBOL SALA
86,POLIDEPORTIVO MUNICIPAL DE EL PEDROSO,Sevilla,Pedroso (El),PASEO DEL ESPINO,41360,PISTA VOLEIBOL
87,URB. LA COLINA,Sevilla,Castilblanco de los Arroyos,CARRETERA BURGUILLOS-CSTIBLANCO,41230,CAMPO FUTBOL 7
87,URB. LA COLINA,Sevilla,Castilblanco de los Arroyos,CARRETERA BURGUILLOS-CSTIBLANCO,41230,PISCINA - VASO PEQUEÑO
87,URB. LA COLINA,Sevilla,Castilblanco de los Arroyos,CARRETERA BURGUILLOS-CSTIBLANCO,41230,PISCINA-VASO GRANDE
87,URB. LA COLINA,Sevilla,Castilblanco de los Arroyos,CARRETERA BURGUILLOS-CSTIBLANCO,41230,PISTA BALONCESTO
87,URB. LA COLINA,Sevilla,Castilblanco de los Arroyos,CARRETERA BURGUILLOS-CSTIBLANCO,41230,PISTA FUTBOL SALA
87,URB. LA COLINA,Sevilla,Castilblanco de los Arroyos,CARRETERA BURGUILLOS-CSTIBLANCO,41230,PISTA TENIS 1.
87,URB. LA COLINA,Sevilla,Castilblanco de los Arroyos,CARRETERA BURGUILLOS-CSTIBLANCO,41230,PISTA TENIS 2.
87,URB. LA COLINA,Sevilla,Castilblanco de los Arroyos,CARRETERA BURGUILLOS-CSTIBLANCO,41230,PISTA VOLEIBOL
88,URB. VALPARAISO,Sevilla,Mairena del Aljarafe,AVDA. LOS PINOS,41927,PISCINA
88,URB. VALPARAISO,Sevilla,Mairena del Aljarafe,AVDA. LOS PINOS,41927,PISCINA CHAPOTEO
89,URB LAS BRISAS,Sevilla,Mairena del Aljarafe,POLO,41927,PISCINA CHAPOTEO
89,URB LAS BRISAS,Sevilla,Mairena del Aljarafe,POLO,41927,PISCINA RECREATIVA
90,C.D.P. INTERNACIONAL EUROPA,Sevilla,Espartinas,SEVILLA- HUELVA,41807,PISTA DE BALONCESTO
90,C.D.P. INTERNACIONAL EUROPA,Sevilla,Espartinas,SEVILLA- HUELVA,41807,PISTA DE FUTBOL SALA 1
90,C.D.P. INTERNACIONAL EUROPA,Sevilla,Espartinas,SEVILLA- HUELVA,41807,PISTA DE FUTBOL SALA 2
90,C.D.P. INTERNACIONAL EUROPA,Sevilla,Espartinas,SEVILLA- HUELVA,41807,PISTA DE FUTBOL SALA 3
90,C.D.P. INTERNACIONAL EUROPA,Sevilla,Espartinas,SEVILLA- HUELVA,41807,PISTA DE FUTBOL SALA 4
90,C.D.P. INTERNACIONAL EUROPA,Sevilla,Espartinas,SEVILLA- HUELVA,41807,PISTA DE FUTBOL SALA 5
90,C.D.P. INTERNACIONAL EUROPA,Sevilla,Espartinas,SEVILLA- HUELVA,41807,PISTA DE MINIBASKET
90,C.D.P. INTERNACIONAL EUROPA,Sevilla,Espartinas,SEVILLA- HUELVA,41807,PISTA DE VOLEIBOL 1
90,C.D.P. INTERNACIONAL EUROPA,Sevilla,Espartinas,SEVILLA- HUELVA,41807,PISTA DE VOLEIBOL 2
90,C.D.P. INTERNACIONAL EUROPA,Sevilla,Espartinas,SEVILLA- HUELVA,41807,PISTA DE VOLEY PLAYA
90,C.D.P. INTERNACIONAL EUROPA,Sevilla,Espartinas,SEVILLA- HUELVA,41807,PISTA POLIDEPORTIVA
92,LAS NAVEZUELAS,Sevilla,Cazalla de la Sierra,CARRETERA PEDROSO - CAZALLA,41370,PISCINA
93,COMPLEJO POLIDEPORTIVO MUNICIPAL,Sevilla,Cazalla de la Sierra,PASEO DEL MORO,41370,CAMPO DE VOLEY PLAYA
93,COMPLEJO POLIDEPORTIVO MUNICIPAL,Sevilla,Cazalla de la Sierra,PASEO DEL MORO,41370,PISCINA 1
93,COMPLEJO POLIDEPORTIVO MUNICIPAL,Sevilla,Cazalla de la Sierra,PASEO DEL MORO,41370,PISCINA 2
93,COMPLEJO POLIDEPORTIVO MUNICIPAL,Sevilla,Cazalla de la Sierra,PASEO DEL MORO,41370,PISTA DE MINIBASKET
93,COMPLEJO POLIDEPORTIVO MUNICIPAL,Sevilla,Cazalla de la Sierra,PASEO DEL MORO,41370,PISTA DE PETANCA
93,COMPLEJO POLIDEPORTIVO MUNICIPAL,Sevilla,Cazalla de la Sierra,PASEO DEL MORO,41370,PISTA DE TENIS
93,COMPLEJO POLIDEPORTIVO MUNICIPAL,Sevilla,Cazalla de la Sierra,PASEO DEL MORO,41370,PISTA POLIDEPORTIVA 1
93,COMPLEJO POLIDEPORTIVO MUNICIPAL,Sevilla,Cazalla de la Sierra,PASEO DEL MORO,41370,PISTA POLIDEPORTIVA 2
94,ESTADIO MUNICIPAL DE MORO,Sevilla,Cazalla de la Sierra,PASEO DEL MORO,41370,CAMPO DE FÚTBOL
95,HOTEL POSADA DEL MORO,Sevilla,Cazalla de la Sierra,PASEO DEL MOZO,41370,PISCINA
96,C.E.I.P. VIRGEN DEL MONTE,Sevilla,Cazalla de la Sierra,PASEO DEL MORO,41370,PISTA POLIDEPORTIVA
96,C.E.I.P. VIRGEN DEL MONTE,Sevilla,Cazalla de la Sierra,PASEO DEL MORO,41370,SUM
97,RESIDENCIA ESCOLAR EL CASTILLO,Sevilla,Cazalla de la Sierra,SAN LUIS GONZAGA,41370,CAMPO DE FÚTBOL SALA
98,SENDERO LAS LADERAS,Sevilla,Cazalla de la Sierra,DESDE PLAZA DEL CHORRILLO,41370,SENDERO LAS LADERAS
99,C.D.P. SANTA CLARA,Sevilla,Cazalla de la Sierra,ANDALUCIA,41370,CAMPO DE FÚTBOL SALA
99,C.D.P. SANTA CLARA,Sevilla,Cazalla de la Sierra,ANDALUCIA,41370,GIMNASIO
99,C.D.P. SANTA CLARA,Sevilla,Cazalla de la Sierra,ANDALUCIA,41370,PISTA DE MINIBASKET
100,I.E.S. EL CARMEN,Sevilla,Cazalla de la Sierra,SANTA CLARA,41370,PISTA CUBIERTA
100,I.E.S. EL CARMEN,Sevilla,Cazalla de la Sierra,SANTA CLARA,41370,PISTA POLIDEPORTIVA
101,VILLAS TURISTICAS DE CAZALLA,Sevilla,Cazalla de la Sierra,CARRETERA CAZALLA - CONSTANTINA,41370,PISCINA
101,VILLAS TURISTICAS DE CAZALLA,Sevilla,Cazalla de la Sierra,CARRETERA CAZALLA - CONSTANTINA,41370,PISTA DE PETANCA
101,VILLAS TURISTICAS DE CAZALLA,Sevilla,Cazalla de la Sierra,CARRETERA CAZALLA - CONSTANTINA,41370,PISTA DE TENIS
102,HOSPEDERIA LA CARTUJA,Sevilla,Cazalla de la Sierra,CARRETERA CAZALLA - CONSTANTINA,41370,PISCINA
102,HOSPEDERIA LA CARTUJA,Sevilla,Cazalla de la Sierra,CARRETERA CAZALLA - CONSTANTINA,41370,PISCINA 2
103,URBANIZACION MAIRENA II,Sevilla,Mairena del Aljarafe,VERDE MENTA,41927,PISTA DE TENIS
103,URBANIZACION MAIRENA II,Sevilla,Mairena del Aljarafe,VERDE MENTA,41927,PISTA POLIDEPORTIVA
103,URBANIZACION MAIRENA II,Sevilla,Mairena del Aljarafe,VERDE MENTA,41927,VASO PISCINA 1
103,URBANIZACION MAIRENA II,Sevilla,Mairena del Aljarafe,VERDE MENTA,41927,VASO PISCINA 2
105,C.D.P. LAS MARISMAS,Sevilla,Mairena del Aljarafe,CARRETERA SAN JUAN A PALOMARES,41927,GIMNASIO
105,C.D.P. LAS MARISMAS,Sevilla,Mairena del Aljarafe,CARRETERA SAN JUAN A PALOMARES,41927,PISTA DE MINIBASKET
105,C.D.P. LAS MARISMAS,Sevilla,Mairena del Aljarafe,CARRETERA SAN JUAN A PALOMARES,41927,PISTA POLIDEPORTIVA
106,C.D.P. SANTA Mª DEL VALLE,Sevilla,Mairena del Aljarafe,MAGDALENA SOFÍA DE BARRAT,41927,CAMPO DE FUTBOL
106,C.D.P. SANTA Mª DEL VALLE,Sevilla,Mairena del Aljarafe,MAGDALENA SOFÍA DE BARRAT,41927,GIMNASIO
106,C.D.P. SANTA Mª DEL VALLE,Sevilla,Mairena del Aljarafe,MAGDALENA SOFÍA DE BARRAT,41927,PISTA DE BALONCESTO
106,C.D.P. SANTA Mª DEL VALLE,Sevilla,Mairena del Aljarafe,MAGDALENA SOFÍA DE BARRAT,41927,PISTA DE FUTBOL SALA 1
106,C.D.P. SANTA Mª DEL VALLE,Sevilla,Mairena del Aljarafe,MAGDALENA SOFÍA DE BARRAT,41927,PISTA DE FUTBOL SALA 2
106,C.D.P. SANTA Mª DEL VALLE,Sevilla,Mairena del Aljarafe,MAGDALENA SOFÍA DE BARRAT,41927,PISTA DE MINIBASKET
106,C.D.P. SANTA Mª DEL VALLE,Sevilla,Mairena del Aljarafe,MAGDALENA SOFÍA DE BARRAT,41927,PISTA POLIDEPORTIVA
107,C.D.P. ALJARAFE,Sevilla,Mairena del Aljarafe,CARRETERA SAN JUAN - PALOMARES,41927,CAMPO DE FUTBOL
107,C.D.P. ALJARAFE,Sevilla,Mairena del Aljarafe,CARRETERA SAN JUAN - PALOMARES,41927,CAMPO DE FUTBOL 7
107,C.D.P. ALJARAFE,Sevilla,Mairena del Aljarafe,CARRETERA SAN JUAN - PALOMARES,41927,GIMNASIO
107,C.D.P. ALJARAFE,Sevilla,Mairena del Aljarafe,CARRETERA SAN JUAN - PALOMARES,41927,PISTA DE BALONCESTO
107,C.D.P. ALJARAFE,Sevilla,Mairena del Aljarafe,CARRETERA SAN JUAN - PALOMARES,41927,SALA ESPECIALIZADA
108,C.D. IMCA SPORT,Sevilla,Mairena del Aljarafe,URB. CIUDAD ALJARAFE CTO.21,41927,SALA TAEKWONDO
109,CENTRO DE YOGA NAMASTE,Sevilla,Mairena del Aljarafe,CIUDAD ALJARAFE (COMNJUNTO 24),41927,SALA DE YOGA
110,HOTEL EUROSUITES SEVILLA,Sevilla,Mairena del Aljarafe,CIAURRIZ (SIMÓN VERDE),41927,PISCINA
111,URB. DON SIMON (FASE 1ª),Sevilla,Mairena del Aljarafe,ALHAMBRA,41927,PISCINA
112,URB. DON SIMON 2º Y 3º FASE,Sevilla,Mairena del Aljarafe,PLAZA GIRALDA,41927,PISCINA
113,CAMPO DE FUTBOL DE LA RONDA DE LA FERIA,Sevilla,Mairena del Aljarafe,RONDA DE LA FERIA,41927,CAMPO DE FÚTBOL
114,PISTA DE PATINAJE (SKATE PARK),Sevilla,Mairena del Aljarafe,AVDA. DE LAS AMÉRICAS,41927,PISTA DE PATINAJE
115,GIMNASIO AL-ANDALUS,Sevilla,Mairena del Aljarafe,JUAN DE AUSTRIA,41927,SALA AEROBIC
115,GIMNASIO AL-ANDALUS,Sevilla,Mairena del Aljarafe,JUAN DE AUSTRIA,41927,SALA MUSCULACION
116,ESCUELA INTERNACIONAL DE KING-FU CHIANG-LEE,Sevilla,Mairena del Aljarafe,BDA. ALERO DE SEVILLA,41927,TATAMI GRANDE
117,CTO. VIRGEN DEL ROCIO,Sevilla,Mairena del Aljarafe,CIAURRIZ (POLIDEPORTIVO),41927,PISTA DE FUTBOL SALA
117,CTO. VIRGEN DEL ROCIO,Sevilla,Mairena del Aljarafe,CIAURRIZ (POLIDEPORTIVO),41927,PISTA DE TENIS
117,CTO. VIRGEN DEL ROCIO,Sevilla,Mairena del Aljarafe,CIAURRIZ (POLIDEPORTIVO),41927,VASO CHAPOTEO
117,CTO. VIRGEN DEL ROCIO,Sevilla,Mairena del Aljarafe,CIAURRIZ (POLIDEPORTIVO),41927,VASO RECREATIVO
118,URBANIZACION EL PINAR DE SIMON VERDE,Sevilla,Mairena del Aljarafe,AVDA. DE LOS PINOS,41927,PISCINA 1
118,URBANIZACION EL PINAR DE SIMON VERDE,Sevilla,Mairena del Aljarafe,AVDA. DE LOS PINOS,41927,PISCINA 2
119,PISCINA LA PRUSIANA,Sevilla,Mairena del Aljarafe,BARRIADA LA PRUSIANA,41927,PISCINA 1
119,PISCINA LA PRUSIANA,Sevilla,Mairena del Aljarafe,BARRIADA LA PRUSIANA,41927,PISCINA 2
120,URBANIZACION MAIRENA 2000,Sevilla,Mairena del Aljarafe,OLIMPO,41927,PISCINA
121,URBANIZACION ALJARASOL,Sevilla,Mairena del Aljarafe,AVDA. DE LA CONSTITUCIÓN,41927,PISCINA 1
121,URBANIZACION ALJARASOL,Sevilla,Mairena del Aljarafe,AVDA. DE LA CONSTITUCIÓN,41927,PISCINA 2
122,CAMPO DE FUTBOL MUNICIPAL,Sevilla,Mairena del Aljarafe,AVDA. CONSTITUCIÓN,41927,CAMPO DE FUTBOL
122,CAMPO DE FUTBOL MUNICIPAL,Sevilla,Mairena del Aljarafe,AVDA. CONSTITUCIÓN,41927,CAMPO DE FUTBOL 7
123,PABELLON MAIRENA DEL ALJARAFE,Sevilla,Mairena del Aljarafe,AVDA. DE LA CONSTITUCIÓN,41927,GIMNASIO
123,PABELLON MAIRENA DEL ALJARAFE,Sevilla,Mairena del Aljarafe,AVDA. DE LA CONSTITUCIÓN,41927,PISTA CUBIERTA
123,PABELLON MAIRENA DEL ALJARAFE,Sevilla,Mairena del Aljarafe,AVDA. DE LA CONSTITUCIÓN,41927,PISTA DE TENIS DE MESA 1
123,PABELLON MAIRENA DEL ALJARAFE,Sevilla,Mairena del Aljarafe,AVDA. DE LA CONSTITUCIÓN,41927,PISTA DE TENIS DE MESA 2
123,PABELLON MAIRENA DEL ALJARAFE,Sevilla,Mairena del Aljarafe,AVDA. DE LA CONSTITUCIÓN,41927,PISTA DE TENIS 1
123,PABELLON MAIRENA DEL ALJARAFE,Sevilla,Mairena del Aljarafe,AVDA. DE LA CONSTITUCIÓN,41927,PISTA DE TENIS 2
123,PABELLON MAIRENA DEL ALJARAFE,Sevilla,Mairena del Aljarafe,AVDA. DE LA CONSTITUCIÓN,41927,PISTA DE TENIS 3
123,PABELLON MAIRENA DEL ALJARAFE,Sevilla,Mairena del Aljarafe,AVDA. DE LA CONSTITUCIÓN,41927,PISTA DE TENIS 4
123,PABELLON MAIRENA DEL ALJARAFE,Sevilla,Mairena del Aljarafe,AVDA. DE LA CONSTITUCIÓN,41927,PISTA DE TENIS 5
123,PABELLON MAIRENA DEL ALJARAFE,Sevilla,Mairena del Aljarafe,AVDA. DE LA CONSTITUCIÓN,41927,PISTA POLIDEPORTIVA 1
123,PABELLON MAIRENA DEL ALJARAFE,Sevilla,Mairena del Aljarafe,AVDA. DE LA CONSTITUCIÓN,41927,PISTA POLIDEPORTIVA 2
124,PISCINA MUNICIPAL DE MAIRENA DEL ALJARAFE,Sevilla,Mairena del Aljarafe,AVDA. DE LA CONSTITUCIÓN,41927,PISCINA 1
124,PISCINA MUNICIPAL DE MAIRENA DEL ALJARAFE,Sevilla,Mairena del Aljarafe,AVDA. DE LA CONSTITUCIÓN,41927,PISCINA 2
125,CENTRO ALAMO,Sevilla,Mairena del Aljarafe,MANAGUA,41927,PISCINA 1
125,CENTRO ALAMO,Sevilla,Mairena del Aljarafe,MANAGUA,41927,PISCINA 2
126,CONJUNTO ALAZOR,Sevilla,Mairena del Aljarafe,AVDA. MAGDALENA SOFÍA DE BARAT,41927,PISCINA 1
126,CONJUNTO ALAZOR,Sevilla,Mairena del Aljarafe,AVDA. MAGDALENA SOFÍA DE BARAT,41927,PISCINA 2
127,CARRIL BICI,Sevilla,Mairena del Aljarafe,AVDA. MAGDALENA SOFIA DE BARRAN,41927,CARRIL BICI
128,URB. ALBOAIRE,Sevilla,Mairena del Aljarafe,CICLON,41927,VASO PISCINA 1
128,URB. ALBOAIRE,Sevilla,Mairena del Aljarafe,CICLON,41927,VASO PISCINA 2
129,URBANIZACION LOS OLIVOS,Sevilla,Mairena del Aljarafe,URBANIZACIÓN LOS OLIVOS,41927,PISCINA 1
129,URBANIZACION LOS OLIVOS,Sevilla,Mairena del Aljarafe,URBANIZACIÓN LOS OLIVOS,41927,PISCINA 2
130,URBANIZACION CAVALERI FASE 2ª,Sevilla,Mairena del Aljarafe,ÍTACA,41927,PISCINA 1
130,URBANIZACION CAVALERI FASE 2ª,Sevilla,Mairena del Aljarafe,ÍTACA,41927,PISCINA 2
131,URB. CAVALERI FASE 1º,Sevilla,Mairena del Aljarafe,HACA,41927,VASO CHAPOTEO
131,URB. CAVALERI FASE 1º,Sevilla,Mairena del Aljarafe,HACA,41927,VASO RECREATIVO
132,URB. CAVALERI FASE 6º,Sevilla,Mairena del Aljarafe,HACA,41927,PISCINA DE CHAPOTEO
132,URB. CAVALERI FASE 6º,Sevilla,Mairena del Aljarafe,HACA,41927,PISCINA RECREATIVA
133,URB. CAVALERI FASE 5º,Sevilla,Mairena del Aljarafe,TROYA,41927,VASO CHAPOTEO
133,URB. CAVALERI FASE 5º,Sevilla,Mairena del Aljarafe,TROYA,41927,VASO RECREATIVO
134,CAMPO DE FUTBOL DE LA TOJA,Sevilla,Mairena del Aljarafe,URB. LA TOJA,41927,CAMPO DE FÚTBOL
135,URB. LA TOJA,Sevilla,Mairena del Aljarafe,VERDE OLIVO,41927,PISTA DE TENIS
135,URB. LA TOJA,Sevilla,Mairena del Aljarafe,VERDE OLIVO,41927,PISTA POLIDEPORTIVA
135,URB. LA TOJA,Sevilla,Mairena del Aljarafe,VERDE OLIVO,41927,VASO RECREATIVO
136,CLUB SOCIAL URBANIZACION VILLA EUROPA,Sevilla,Espartinas,LONDRES,41807,PISCINA 1
136,CLUB SOCIAL URBANIZACION VILLA EUROPA,Sevilla,Espartinas,LONDRES,41807,PISCINA 2
136,CLUB SOCIAL URBANIZACION VILLA EUROPA,Sevilla,Espartinas,LONDRES,41807,PISTA DE BALONCESTO
136,CLUB SOCIAL URBANIZACION VILLA EUROPA,Sevilla,Espartinas,LONDRES,41807,PISTA DE FUTBOL SALA
136,CLUB SOCIAL URBANIZACION VILLA EUROPA,Sevilla,Espartinas,LONDRES,41807,PISTA DE TENIS
137,CENTRO HIPICO RIO PUDIO,Sevilla,Espartinas,VEREDA DE LA CARNE,41807,PISTA DE DOMA 1
137,CENTRO HIPICO RIO PUDIO,Sevilla,Espartinas,VEREDA DE LA CARNE,41807,PISTA DE DOMA 2
138,CLUB SOCIAL URBANIZACION EL RETIRO,Sevilla,Espartinas,DE LAS CAMELIAS,41807,PISCINA
138,CLUB SOCIAL URBANIZACION EL RETIRO,Sevilla,Espartinas,DE LAS CAMELIAS,41807,PISTA DE BALONCESTO
138,CLUB SOCIAL URBANIZACION EL RETIRO,Sevilla,Espartinas,DE LAS CAMELIAS,41807,PISTA DE FUTBOL SALA
138,CLUB SOCIAL URBANIZACION EL RETIRO,Sevilla,Espartinas,DE LAS CAMELIAS,41807,PISTA DE TENIS
139,URBANIZACION VILLAS DE TABLANTES,Sevilla,Espartinas,GOYA,41807,PISCINA 1
139,URBANIZACION VILLAS DE TABLANTES,Sevilla,Espartinas,GOYA,41807,PISCINA 2
139,URBANIZACION VILLAS DE TABLANTES,Sevilla,Espartinas,GOYA,41807,PISTA DE TENIS
140,CLUB URBANIZACION PUERTA DE HIERRO,Sevilla,Espartinas,PUERTA DE HIERRO,41807,FUTBOL SALA
140,CLUB URBANIZACION PUERTA DE HIERRO,Sevilla,Espartinas,PUERTA DE HIERRO,41807,PISTA DE BALONCESTO
140,CLUB URBANIZACION PUERTA DE HIERRO,Sevilla,Espartinas,PUERTA DE HIERRO,41807,PISTA DE TENIS
141,URBANIZACION JARDIN 2,Sevilla,Espartinas,EL JARDIN II,41807,PISTA POLIDEPORTIVA
143,CARRIL BICI,Sevilla,Espartinas,VILLA DE TABIANTES - EL REAL DE ESPARTINAS,41807,CARRIL BICI
144,CARRIL BICI,Sevilla,Espartinas,A-8076,41807,CARRIL BICI
145,CLUB DE TENIS TILDE DEPORTES,Sevilla,Espartinas,JUAN CARLOS II (C.C. EL ESPARTAL),41807,PISTA DE PADEL 1
145,CLUB DE TENIS TILDE DEPORTES,Sevilla,Espartinas,JUAN CARLOS II (C.C. EL ESPARTAL),41807,PISTA DE PADEL 2
145,CLUB DE TENIS TILDE DEPORTES,Sevilla,Espartinas,JUAN CARLOS II (C.C. EL ESPARTAL),41807,PISTA DE TENIS 1
145,CLUB DE TENIS TILDE DEPORTES,Sevilla,Espartinas,JUAN CARLOS II (C.C. EL ESPARTAL),41807,PISTA DE TENIS 2
145,CLUB DE TENIS TILDE DEPORTES,Sevilla,Espartinas,JUAN CARLOS II (C.C. EL ESPARTAL),41807,PISTA DE TENIS 3
146,PISCINA MUNICIPAL,Sevilla,Espartinas,FRANCISCO INFANTE DE COS,41807,PISCINA 1
146,PISCINA MUNICIPAL,Sevilla,Espartinas,FRANCISCO INFANTE DE COS,41807,PISCINA 2
147,POLIDEPORTIVO MUNICIPAL JUAN ANTONIO RUIZ ESPARTACO,Sevilla,Espartinas,FRANCISCO INFANTE DE COS,41807,PISTA DE BALONCESTO
147,POLIDEPORTIVO MUNICIPAL JUAN ANTONIO RUIZ ESPARTACO,Sevilla,Espartinas,FRANCISCO INFANTE DE COS,41807,PISTA DE HOCKEY
147,POLIDEPORTIVO MUNICIPAL JUAN ANTONIO RUIZ ESPARTACO,Sevilla,Espartinas,FRANCISCO INFANTE DE COS,41807,PISTA DE PADEL 1
147,POLIDEPORTIVO MUNICIPAL JUAN ANTONIO RUIZ ESPARTACO,Sevilla,Espartinas,FRANCISCO INFANTE DE COS,41807,PISTA DE PADEL 2
147,POLIDEPORTIVO MUNICIPAL JUAN ANTONIO RUIZ ESPARTACO,Sevilla,Espartinas,FRANCISCO INFANTE DE COS,41807,PISTA DE PADEL 3
147,POLIDEPORTIVO MUNICIPAL JUAN ANTONIO RUIZ ESPARTACO,Sevilla,Espartinas,FRANCISCO INFANTE DE COS,41807,PISTA DE PADEL 4
147,POLIDEPORTIVO MUNICIPAL JUAN ANTONIO RUIZ ESPARTACO,Sevilla,Espartinas,FRANCISCO INFANTE DE COS,41807,PISTA DE TENIS
147,POLIDEPORTIVO MUNICIPAL JUAN ANTONIO RUIZ ESPARTACO,Sevilla,Espartinas,FRANCISCO INFANTE DE COS,41807,PISTA DE VOLEIBOL
147,POLIDEPORTIVO MUNICIPAL JUAN ANTONIO RUIZ ESPARTACO,Sevilla,Espartinas,FRANCISCO INFANTE DE COS,41807,PISTA POLIDEPORTIVA 1
147,POLIDEPORTIVO MUNICIPAL JUAN ANTONIO RUIZ ESPARTACO,Sevilla,Espartinas,FRANCISCO INFANTE DE COS,41807,PISTA POLIDEPORTIVA 2
147,POLIDEPORTIVO MUNICIPAL JUAN ANTONIO RUIZ ESPARTACO,Sevilla,Espartinas,FRANCISCO INFANTE DE COS,41807,PISTA POLIDEPORTIVA 3
148,ESTADIO MUNICIPAL TABLANTES,Sevilla,Espartinas,JERÓNIMO LEAL NAVARRO,41807,CAMPO DE FUTBOL MUNICIPAL
149,PISCINA CUBIERTA Y GIMNASIO MUNICIPAL,Sevilla,Espartinas,REY DE ESPAÑA (C.C. EL ESPARTAL),41807,PISCINA 1
149,PISCINA CUBIERTA Y GIMNASIO MUNICIPAL,Sevilla,Espartinas,REY DE ESPAÑA (C.C. EL ESPARTAL),41807,PISCINA 2
149,PISCINA CUBIERTA Y GIMNASIO MUNICIPAL,Sevilla,Espartinas,REY DE ESPAÑA (C.C. EL ESPARTAL),41807,SALA DE FITNESS
149,PISCINA CUBIERTA Y GIMNASIO MUNICIPAL,Sevilla,Espartinas,REY DE ESPAÑA (C.C. EL ESPARTAL),41807,SALA MULTIUSOS
150,CLUB DE LA URBANIZACION EL REAL DE ESPARTINAS,Sevilla,Espartinas,AVDA. DOÑANA (URBANIZACIÓN EL REAL DE ESPARTINAS),41807,PISCINA 1
150,CLUB DE LA URBANIZACION EL REAL DE ESPARTINAS,Sevilla,Espartinas,AVDA. DOÑANA (URBANIZACIÓN EL REAL DE ESPARTINAS),41807,PISCINA 2
150,CLUB DE LA URBANIZACION EL REAL DE ESPARTINAS,Sevilla,Espartinas,AVDA. DOÑANA (URBANIZACIÓN EL REAL DE ESPARTINAS),41807,PISTA DE PADEL 1
150,CLUB DE LA URBANIZACION EL REAL DE ESPARTINAS,Sevilla,Espartinas,AVDA. DOÑANA (URBANIZACIÓN EL REAL DE ESPARTINAS),41807,PISTA DE PADEL 2
151,CAMPO DE FUTBOL DE LA URBANIZACION EL MONASTERIO,Sevilla,Espartinas,CARRETERA SEVILLA - HUELVA,41807,CAMPO DE FÚTBOL SALA
152,C.E.I.P. FERNAN CABALLERO,Sevilla,Dos Hermanas,CERRO BLANCO,41700,PISTA DE ALBERO
152,C.E.I.P. FERNAN CABALLERO,Sevilla,Dos Hermanas,CERRO BLANCO,41700,PISTA DE MINIBASKET
152,C.E.I.P. FERNAN CABALLERO,Sevilla,Dos Hermanas,CERRO BLANCO,41700,PISTA POLIDEPORTIVA 1
152,C.E.I.P. FERNAN CABALLERO,Sevilla,Dos Hermanas,CERRO BLANCO,41700,PISTA POLIDEPORTIVA 2
153,C.E.I.P. IBARBURU,Sevilla,Dos Hermanas,CORNICABRA,41700,PISTA ALBERO VOLEIBOL
153,C.E.I.P. IBARBURU,Sevilla,Dos Hermanas,CORNICABRA,41700,PISTA DE ALBERO
153,C.E.I.P. IBARBURU,Sevilla,Dos Hermanas,CORNICABRA,41700,PISTA DE BALONCESTO
153,C.E.I.P. IBARBURU,Sevilla,Dos Hermanas,CORNICABRA,41700,PISTA POLIDEPORTIVA
155,CUARTEL DE LA GUARDIA CIVIL,Sevilla,Dos Hermanas,LOS PUNTUALES Y MONTECIRIO,41700,PISTA POLIDEPORTIVA
156,C.E.I.P. LOS MONTECILLOS,Sevilla,Dos Hermanas,LAS BOTIJAS,41700,PISTA POLIDEPORTIVA 1
156,C.E.I.P. LOS MONTECILLOS,Sevilla,Dos Hermanas,LAS BOTIJAS,41700,PISTA POLIDEPORTIVA 2
156,C.E.I.P. LOS MONTECILLOS,Sevilla,Dos Hermanas,LAS BOTIJAS,41700,SAL POLIVALENTE
157,"PISTA POLIDEPORTIVA BDA. LOS MONTECILLOS",Sevilla,Dos Hermanas,ADAINES,41700,PISTA POLIDEPORTIVA
158,GIMNASIO FISIO SPORT,Sevilla,Dos Hermanas,AVDA. ANDALUCIA,41700,SALA
158,GIMNASIO FISIO SPORT,Sevilla,Dos Hermanas,AVDA. ANDALUCIA,41700,SALA AEROBIC
158,GIMNASIO FISIO SPORT,Sevilla,Dos Hermanas,AVDA. ANDALUCIA,41700,SALA CARDIOVASCULAR
158,GIMNASIO FISIO SPORT,Sevilla,Dos Hermanas,AVDA. ANDALUCIA,41700,SALA MUSCULACION
159,POLIDEPORTIVO MUNICIPAL,Sevilla,Coronil (El),POETA MIGUEL BENÍTEZ CASTRO,41760,PABELLON MUNICIPAL
159,POLIDEPORTIVO MUNICIPAL,Sevilla,Coronil (El),POETA MIGUEL BENÍTEZ CASTRO,41760,PISCINA
159,POLIDEPORTIVO MUNICIPAL,Sevilla,Coronil (El),POETA MIGUEL BENÍTEZ CASTRO,41760,PISCINA CHAPOTEO
159,POLIDEPORTIVO MUNICIPAL,Sevilla,Coronil (El),POETA MIGUEL BENÍTEZ CASTRO,41760,PISCINA RECREATIVA 1
159,POLIDEPORTIVO MUNICIPAL,Sevilla,Coronil (El),POETA MIGUEL BENÍTEZ CASTRO,41760,PISCINA RECREATIVA 2
159,POLIDEPORTIVO MUNICIPAL,Sevilla,Coronil (El),POETA MIGUEL BENÍTEZ CASTRO,41760,PISTA DE BALONCESTO
159,POLIDEPORTIVO MUNICIPAL,Sevilla,Coronil (El),POETA MIGUEL BENÍTEZ CASTRO,41760,PISTA DE FUTBOL SALA
159,POLIDEPORTIVO MUNICIPAL,Sevilla,Coronil (El),POETA MIGUEL BENÍTEZ CASTRO,41760,PISTA POLIDEPORTIVA 1
160,CENTRO DEPORTIVO - SOCIAL URBANIZACION LA HACIENDA,Sevilla,Dos Hermanas,GRAZALEMA,41700,CAMPO DE FÚTBOL - 7
160,CENTRO DEPORTIVO - SOCIAL URBANIZACION LA HACIENDA,Sevilla,Dos Hermanas,GRAZALEMA,41700,PISCINA
160,CENTRO DEPORTIVO - SOCIAL URBANIZACION LA HACIENDA,Sevilla,Dos Hermanas,GRAZALEMA,41700,PISTA DE TENIS 1
160,CENTRO DEPORTIVO - SOCIAL URBANIZACION LA HACIENDA,Sevilla,Dos Hermanas,GRAZALEMA,41700,PISTA DE TENIS 2
161,PISTA DE ALBERO DE ADRIANO,Sevilla,Dos Hermanas,PLAZA DE LA IGLESIA,41900,CAMPO DE FÚTBOL SALA
162,C.E.I.P. LOS GIRASOLES,Sevilla,Dos Hermanas,PLAZA DE LA IGLESIA,41700,PISTA POLIDEPORTIVA
163,URBANIZACION PARQUE GIRALDA,Sevilla,Dos Hermanas,URBANIZACIÓN PARQUE GIRALDA,41700,PISCINA
163,URBANIZACION PARQUE GIRALDA,Sevilla,Dos Hermanas,URBANIZACIÓN PARQUE GIRALDA,41700,PISTA DE BALONCESTO
163,URBANIZACION PARQUE GIRALDA,Sevilla,Dos Hermanas,URBANIZACIÓN PARQUE GIRALDA,41700,PISTA DE FÚTBOL SALA
163,URBANIZACION PARQUE GIRALDA,Sevilla,Dos Hermanas,URBANIZACIÓN PARQUE GIRALDA,41700,PISTA DE TENIS
164,C.D.P. SAGRADA FAMILIA,Sevilla,Dos Hermanas,REAL UTRERA,41700,PABELLÓN
164,C.D.P. SAGRADA FAMILIA,Sevilla,Dos Hermanas,REAL UTRERA,41700,PISTA POLIDEPORTIVA
165,CLUB SOCIAL ALQUERIA DE ALMANZOR,Sevilla,Espartinas,CARRETERA NUEVA SEVILLA - HUELVA,41807,CAMPO DE FÚTBOL SALA
165,CLUB SOCIAL ALQUERIA DE ALMANZOR,Sevilla,Espartinas,CARRETERA NUEVA SEVILLA - HUELVA,41807,PISCINA 1
165,CLUB SOCIAL ALQUERIA DE ALMANZOR,Sevilla,Espartinas,CARRETERA NUEVA SEVILLA - HUELVA,41807,PISCINA 2
165,CLUB SOCIAL ALQUERIA DE ALMANZOR,Sevilla,Espartinas,CARRETERA NUEVA SEVILLA - HUELVA,41807,PISTA DE TENIS
166,CLUB VILLAS DE MONTESILLOS,Sevilla,Espartinas,RAMÓN Y CAJAL,41807,PISCINA 1
166,CLUB VILLAS DE MONTESILLOS,Sevilla,Espartinas,RAMÓN Y CAJAL,41807,PISCINA 2
166,CLUB VILLAS DE MONTESILLOS,Sevilla,Espartinas,RAMÓN Y CAJAL,41807,PISTA DE FÚTBOL SALA
166,CLUB VILLAS DE MONTESILLOS,Sevilla,Espartinas,RAMÓN Y CAJAL,41807,PISTA DE TENIS
167,GIMNASIO BODY MASTER,Sevilla,Dos Hermanas,AVDA. CRISTÓBAL COLÓN,41700,SALA MULTIUSOS
167,GIMNASIO BODY MASTER,Sevilla,Dos Hermanas,AVDA. CRISTÓBAL COLÓN,41700,SALA MUSCULACIÓN
169,PISTA DEPORTIVA DE LA URB. JARDIN DE LOS NARANJOS,Sevilla,Dos Hermanas,PLAZA DE ESPAÑA,41700,PISTA POLIDEPORTIVA
171,CAMPO DE FUTBOL LAS GANCHOZAS,Sevilla,Dos Hermanas,BDA. LA GANCHOZAS,41700,CAMPO DE FUTBOL
172,ASOCIACION COMUNITARIA DE VECINOS DE LA BARRIADA F,Sevilla,Dos Hermanas,SEGURIDAD,41700,PISCINA- VASO GRANDE
172,ASOCIACION COMUNITARIA DE VECINOS DE LA BARRIADA F,Sevilla,Dos Hermanas,SEGURIDAD,41700,PISTA FUTBOL SALA
173,ASOCIACION NAZARENA PARA AL INTEGRACION DE LAS PER,Sevilla,Dos Hermanas,PLAZA JUAN ANTONIO PEREZ MUÑOZ,41700,PISTA MINIBASKET
173,ASOCIACION NAZARENA PARA AL INTEGRACION DE LAS PER,Sevilla,Dos Hermanas,PLAZA JUAN ANTONIO PEREZ MUÑOZ,41700,PISTA VOLEIBOL
174,URBANIZACION BELLA VALME,Sevilla,Dos Hermanas,DALAI LAMA,41700,PISCINA VASO CHAPOTEO
174,URBANIZACION BELLA VALME,Sevilla,Dos Hermanas,DALAI LAMA,41700,PISCINA VASO GRANDE
175,C.D.P. ANTONIO GALA,Sevilla,Dos Hermanas,DALAI LAMA,41700,GIMNASIO
175,C.D.P. ANTONIO GALA,Sevilla,Dos Hermanas,DALAI LAMA,41700,PISTA FUTBOL SALA
175,C.D.P. ANTONIO GALA,Sevilla,Dos Hermanas,DALAI LAMA,41700,PISTA MINIBASKET
176,I.E.S. VISTA AZUL,Sevilla,Dos Hermanas,GABRIEL GARCIA MARQUEZ,41700,GIMNASIO
176,I.E.S. VISTA AZUL,Sevilla,Dos Hermanas,GABRIEL GARCIA MARQUEZ,41700,PISTA POLIDEPORTIVA
177,CAMPO MUNICIPAL DE FUTBOL VISTAZUL,Sevilla,Dos Hermanas,PABLO VI,41700,CAMPO DE FUTBOL
178,C.D.P. SAN JOSE SS.CC.,Sevilla,Sevilla,JUAN RAMÓN JIMÉNEZ,41011,PABELLON
178,C.D.P. SAN JOSE SS.CC.,Sevilla,Sevilla,JUAN RAMÓN JIMÉNEZ,41011,PISTA BALONCESTO
178,C.D.P. SAN JOSE SS.CC.,Sevilla,Sevilla,JUAN RAMÓN JIMÉNEZ,41011,PISTA DE MINIBASKET 1
178,C.D.P. SAN JOSE SS.CC.,Sevilla,Sevilla,JUAN RAMÓN JIMÉNEZ,41011,PISTA DE MINIBASKET 2
178,C.D.P. SAN JOSE SS.CC.,Sevilla,Sevilla,JUAN RAMÓN JIMÉNEZ,41011,PISTA POLIDEPORTIVA 1
178,C.D.P. SAN JOSE SS.CC.,Sevilla,Sevilla,JUAN RAMÓN JIMÉNEZ,41011,PISTA POLIDEPORTIVA 2
178,C.D.P. SAN JOSE SS.CC.,Sevilla,Sevilla,JUAN RAMÓN JIMÉNEZ,41011,PISTA POLIDEPORTIVA 3
178,C.D.P. SAN JOSE SS.CC.,Sevilla,Sevilla,JUAN RAMÓN JIMÉNEZ,41011,SALA POLIVALENTE
178,C.D.P. SAN JOSE SS.CC.,Sevilla,Sevilla,JUAN RAMÓN JIMÉNEZ,41011,VASO PISCINA
179,PISTA POLIDEPORTIVA DE BARRIADA CONSOLACION,Sevilla,Dos Hermanas,MAESTRO CHUECA,41700,PISTA POLIDEPORTIVA
180,C.E.I.P. CONSOLACION,Sevilla,Dos Hermanas,AMADEO VIVES,41700,PISTA DE MINIBASKET
180,C.E.I.P. CONSOLACION,Sevilla,Dos Hermanas,AMADEO VIVES,41700,PISTA DE VOLEIBOL
180,C.E.I.P. CONSOLACION,Sevilla,Dos Hermanas,AMADEO VIVES,41700,PISTA POLIDEPORTIVA
180,C.E.I.P. CONSOLACION,Sevilla,Dos Hermanas,AMADEO VIVES,41700,SALA ESPECIALIZADA
181,COLEGIO SAN HERMENEGILDO,Sevilla,Dos Hermanas,CL. CAMINO DE LOS FRAILES,41700,6521
182,C.E.I.P. ORIPPO,Sevilla,Dos Hermanas,AVDA. MONTECILLOS,41700,PISTA POLIDEPORTIVA
183,I.E.S. GONZALO NAZARENO,Sevilla,Dos Hermanas,LAS BOTIJAS,41700,PISTA POLIDEPORTIVA
184,I.E.S. TORRES DE LOS HEBREROS,Sevilla,Dos Hermanas,AVDA.DE ANDALUCIA,41700,PISTA ALBERO
184,I.E.S. TORRES DE LOS HEBREROS,Sevilla,Dos Hermanas,AVDA.DE ANDALUCIA,41700,PISTA POLIDEPORTIVA
185,C.E.I.P. VICENTE ALEIXANDRE,Sevilla,Dos Hermanas,REAL UTRERA,41700,PISTA POLIDEPORTIVA 1
187,I.E.S. JESUS DEL GRAN PODER,Sevilla,Dos Hermanas,NUESTRA SEÑORA DEL CARMEN,41700,PISTA POLIDEPORTIVA 1
187,I.E.S. JESUS DEL GRAN PODER,Sevilla,Dos Hermanas,NUESTRA SEÑORA DEL CARMEN,41700,PISTA POLIDEPORTIVA 2
188,PISTA DEPORTIVA,Sevilla,Dos Hermanas,JOSÉ CARRERAS,41700,PISTA POLIDEPORTIVA
189,C.E.I.P. SAN SEBASTIAN,Sevilla,Dos Hermanas,PLAZA HIDALGO GARRET,41700,PISTA DE MINIBASKET
189,C.E.I.P. SAN SEBASTIAN,Sevilla,Dos Hermanas,PLAZA HIDALGO GARRET,41700,PISTA POLIDEPORTIVA
190,CLUB FEMME. SALUD Y ESTICA,Sevilla,Dos Hermanas,ROMERA,41700,6532
192,C.D.P. ALMINAR,Sevilla,Dos Hermanas,RONDA DE ALTAIR,41700,PISCINA - VASO GRANDE
192,C.D.P. ALMINAR,Sevilla,Dos Hermanas,RONDA DE ALTAIR,41700,PISCINA - VASO PEQUEÑO
192,C.D.P. ALMINAR,Sevilla,Dos Hermanas,RONDA DE ALTAIR,41700,PISTA DE PADEL
192,C.D.P. ALMINAR,Sevilla,Dos Hermanas,RONDA DE ALTAIR,41700,PISTA DE VOLEY PLAYA
192,C.D.P. ALMINAR,Sevilla,Dos Hermanas,RONDA DE ALTAIR,41700,PISTA POLIDEPORTIVA EXTERIOR
192,C.D.P. ALMINAR,Sevilla,Dos Hermanas,RONDA DE ALTAIR,41700,SALA DE ACTIVIDADES
192,C.D.P. ALMINAR,Sevilla,Dos Hermanas,RONDA DE ALTAIR,41700,SALA MUSCULACIÓN
192,C.D.P. ALMINAR,Sevilla,Dos Hermanas,RONDA DE ALTAIR,41700,SALA POLIVALENTE
193,PISTA DE PATINAJE,Sevilla,Dos Hermanas,DOCTOR FLEMING,41700,PISTA DE PATINAJE
196,C.D.P. NTRA. SRA. DE LA COMPASION,Sevilla,Dos Hermanas,AVDA. DE SEVILLA,41700,GIMNASIO
196,C.D.P. NTRA. SRA. DE LA COMPASION,Sevilla,Dos Hermanas,AVDA. DE SEVILLA,41700,PISTA DE ALBERO
196,C.D.P. NTRA. SRA. DE LA COMPASION,Sevilla,Dos Hermanas,AVDA. DE SEVILLA,41700,PISTA DE BALONCESTO
196,C.D.P. NTRA. SRA. DE LA COMPASION,Sevilla,Dos Hermanas,AVDA. DE SEVILLA,41700,PISTA DE MINIBASKET
196,C.D.P. NTRA. SRA. DE LA COMPASION,Sevilla,Dos Hermanas,AVDA. DE SEVILLA,41700,PISTA DE VOLEIBOL
197,C.E.I.P. FELIZ HERNANDEZ BARRERA,Sevilla,Isla Mayor,PLAZA DE LA VICTORIA,41140,PISTA DE BALONCESTO
197,C.E.I.P. FELIZ HERNANDEZ BARRERA,Sevilla,Isla Mayor,PLAZA DE LA VICTORIA,41140,PISTA DE FUTBOL SALA
198,I.E.S. LAGO LIGUR,Sevilla,Isla Mayor,SANTO TOMAS DE AQUINO,41140,GIMNASIO
198,I.E.S. LAGO LIGUR,Sevilla,Isla Mayor,SANTO TOMAS DE AQUINO,41140,PISTA POLIDEPORTIVA 1
198,I.E.S. LAGO LIGUR,Sevilla,Isla Mayor,SANTO TOMAS DE AQUINO,41140,PISTA POLIDEPORTIVA 2
199,PISCINA MUNICIPAL,Sevilla,Isla Mayor,AVDA. CONCORDIA,41140,PISCINA
199,PISCINA MUNICIPAL,Sevilla,Isla Mayor,AVDA. CONCORDIA,41140,VASO DE CHAPOTEO
200,CAMPO MUNICIPAL VILLAFRANCO C.F.,Sevilla,Isla Mayor,AVDA. RAFAEL BECA,41140,CAMPO DE FUTBOL